{
  "face_extraction": {
    "mean_ms": 82.2795599931851,
    "std_ms": 4.3659419784556395,
    "min_ms": 76.05989999137819,
    "max_ms": 88.5812999913469,
    "median_ms": 82.1548500098288,
    "num_runs": 10
  },
  "iris_extraction": {
    "mean_ms": 37.25224998779595,
    "std_ms": 1.8632743689038154,
    "min_ms": 34.39639997668564,
    "max_ms": 40.430900058709085,
    "median_ms": 37.5664999592118,
    "num_runs": 10
  },
  "weighted_fusion": {
    "mean_ms": 0.055050000082701445,
    "std_ms": 0.02256245959767226,
    "min_ms": 0.04509999416768551,
    "max_ms": 0.1221999991685152,
    "median_ms": 0.04710000939667225,
    "num_runs": 10
  },
  "quality_aware_fusion": {
    "mean_ms": 0.40702999103814363,
    "std_ms": 0.09939210759899691,
    "min_ms": 0.3290999447926879,
    "max_ms": 0.6994999712333083,
    "median_ms": 0.3780499682761729,
    "num_runs": 10
  },
  "vault_lock": {
    "mean_ms": 13.210160005837679,
    "std_ms": 1.4366221672510626,
    "min_ms": 10.998799931257963,
    "max_ms": 15.690700034610927,
    "median_ms": 13.092649925965816,
    "num_runs": 10
  },
  "vault_unlock_genuine": {
    "mean_ms": 0.7078499998897314,
    "std_ms": 0.0413586390413488,
    "min_ms": 0.6642000516876578,
    "max_ms": 0.7839000318199396,
    "median_ms": 0.6953999982215464,
    "num_runs": 10
  },
  "vault_unlock_impostor": {
    "mean_ms": 0.012179999612271786,
    "std_ms": 0.0007807858319621905,
    "min_ms": 0.011699972674250603,
    "max_ms": 0.013999990187585354,
    "median_ms": 0.01179997343569994,
    "num_runs": 10
  },
  "aes_encrypt": {
    "mean_ms": 0.17053000628948212,
    "std_ms": 0.4501187682498646,
    "min_ms": 0.006900052540004253,
    "max_ms": 1.5188000397756696,
    "median_ms": 0.0077999429777264595,
    "num_runs": 10
  },
  "aes_decrypt": {
    "mean_ms": 0.019059993792325258,
    "std_ms": 0.019992161028958826,
    "min_ms": 0.0069999368861317635,
    "max_ms": 0.07399998139590025,
    "median_ms": 0.008249946404248476,
    "num_runs": 10
  },
  "ecc_keygen": {
    "mean_ms": 71.87956001143903,
    "std_ms": 29.958551154143347,
    "min_ms": 45.5396999605,
    "max_ms": 126.1985000455752,
    "median_ms": 55.69379997905344,
    "num_runs": 5
  },
  "ecc_key_wrap": {
    "mean_ms": 0.14914001803845167,
    "std_ms": 0.19120240361465363,
    "min_ms": 0.04850002005696297,
    "max_ms": 0.5313000874593854,
    "median_ms": 0.050200033001601696,
    "num_runs": 5
  },
  "ecc_key_unwrap": {
    "mean_ms": 37.72089998237789,
    "std_ms": 1.84574587759231,
    "min_ms": 36.18409996852279,
    "max_ms": 41.20799992233515,
    "median_ms": 36.74199990928173,
    "num_runs": 5
  },
  "hybrid_encrypt": {
    "mean_ms": 0.20008001010864973,
    "std_ms": 0.08213646448869188,
    "min_ms": 0.10040006600320339,
    "max_ms": 0.3317000810056925,
    "median_ms": 0.16579998191446066,
    "num_runs": 5
  },
  "hybrid_decrypt": {
    "mean_ms": 39.57748000975698,
    "std_ms": 2.1583777380332263,
    "min_ms": 36.40559990890324,
    "max_ms": 42.46550006791949,
    "median_ms": 39.56940001808107,
    "num_runs": 5
  },
  "ipfs_upload": {
    "mean_ms": 1.0424999830623467,
    "std_ms": 0.0401520613257296,
    "min_ms": 0.9910999797284603,
    "max_ms": 1.0891000274568796,
    "median_ms": 1.0472999420017004,
    "num_runs": 3,
    "data_size_bytes": 5033,
    "mode": "mock"
  },
  "ipfs_download": {
    "mean_ms": 1.3206666723514597,
    "std_ms": 1.037529122995702,
    "min_ms": 0.506600015796721,
    "max_ms": 2.784899901598692,
    "median_ms": 0.6705000996589661,
    "num_runs": 3,
    "mode": "mock"
  },
  "blockchain_store": {
    "mean_ms": 4.475300006257991,
    "std_ms": 3.7527260446541817,
    "min_ms": 1.3766000047326088,
    "max_ms": 9.756000014021993,
    "median_ms": 2.2933000000193715,
    "num_runs": 3,
    "mode": "mock"
  },
  "blockchain_retrieve": {
    "mean_ms": 0.5954999942332506,
    "std_ms": 0.584741148695199,
    "min_ms": 0.16140006482601166,
    "max_ms": 1.4221000019460917,
    "median_ms": 0.20299991592764854,
    "num_runs": 3
  },
  "blockchain_check_enrolled": {
    "mean_ms": 0.12953331073125204,
    "std_ms": 0.011548563822968158,
    "min_ms": 0.11339993216097355,
    "max_ms": 0.13979990035295486,
    "median_ms": 0.1354000996798277,
    "num_runs": 3
  },
  "e2e_enrollment": {
    "total_ms": 2768.2772999396548
  },
  "e2e_authentication": {
    "total_ms": 2051.3860000064597
  }
}